valence,energy,danceability,instrumentalness,tempo,speechiness,loudness
32828.0,32828.0,32828.0,32828.0,32828.0,32828.0,32828.0
0.5105558806506642,0.6986026110332643,0.6548503807725112,0.08475987017332764,120.88364155598877,0.1070534695991227,-6.719529030096259
0.23315152011413778,0.18091582701227024,0.14509175217544829,0.22424483281421423,26.903631841098367,0.10130690884735209,2.988640578964026
0.0,0.000175,0.0,0.0,0.0,0.0,-46.448
0.331,0.581,0.563,0.0,99.961,0.041,-8.17125
0.512,0.721,0.672,1.61e-05,121.984,0.0625,-6.166
0.693,0.84,0.761,0.00483,133.91825,0.132,-4.645
0.991,1.0,0.983,0.994,239.44,0.918,1.275
